model,accuracy_mean,accuracy_std,f1_macro_mean,f1_macro_std,skipped
SVM-RBF,0.6141906873614191,0.006651884700665189,0.5889647539432684,0.007500111020969924,False
SVM-Linear,0.5698447893569845,0.0177383592017738,0.5676957083828357,0.01759212990372383,False
Static-MKL,0.6119733924611974,0.004434589800443478,0.5872001395813646,0.0077017214090088215,False
